-- T21_REQUEST_MD
INSERT INTO T21_REQUEST_MD (REQUEST_TYPE_ID,LABEL,FLY_OVER_HELP) VALUES ('CUSTREPORT','Custom report','FLY OVER HELP TEXT');
INSERT INTO T21_REQUEST_MD (REQUEST_TYPE_ID,LABEL,FLY_OVER_HELP) VALUES ('CUSTRPTL','Custom Report scheduler configuration','FLY OVER HELP TEXT');
COMMIT;

-- T21 FIELD MD
INSERT INTO T21_FIELD_MD ( FIELD_ID, LABEL, FLY_OVER_HELP, IS_REQUIRED_FOR_SAVE, MAX_LENGTH, MASK,
SMART_FIELD, RENDERER, EDIT_TYPE, SUBSTRING_LENGTH, RULES_ENGINE_TAG, USED_BY_BIZ_RULES, MIN_LENGTH,
UPSHIFT, RESTRICT, TAG, SUBSTRING_START, CHOICE_GROUP_ID, PROFILE_ID, RESET_WARNING_MSG_ID,
SHORT_LABEL, POST_LABEL, DB_TABLE, DB_COLUMN, PARENT, PARENT_VALUE, SPECIAL_USAGE, DEFAULT_VALUE,
TRACK_ORIGINAL, HEIGHT, WIDTH ) VALUES ( 
100, 'Output Type', NULL, 'Y', 20, NULL, NULL, 'INPUTBOX', 'TEXT', NULL, NULL, 'N'
, 0, 'N', NULL, 'customoutputtype', 0, NULL, 'MVFIELD', NULL, NULL, NULL, NULL
, NULL, NULL, NULL, NULL, NULL, NULL, NULL, NULL);

INSERT INTO T21_FIELD_MD ( FIELD_ID, LABEL, FLY_OVER_HELP, IS_REQUIRED_FOR_SAVE, MAX_LENGTH, MASK,
SMART_FIELD, RENDERER, EDIT_TYPE, SUBSTRING_LENGTH, RULES_ENGINE_TAG, USED_BY_BIZ_RULES, MIN_LENGTH,
UPSHIFT, RESTRICT, TAG, SUBSTRING_START, CHOICE_GROUP_ID, PROFILE_ID, RESET_WARNING_MSG_ID,
SHORT_LABEL, POST_LABEL, DB_TABLE, DB_COLUMN, PARENT, PARENT_VALUE, SPECIAL_USAGE, DEFAULT_VALUE,
TRACK_ORIGINAL, HEIGHT, WIDTH ) VALUES ( 
101, 'Custom report key', NULL, 'Y', 20, NULL, NULL, 'INPUTBOX', 'TEXT', NULL, NULL, 'N'
, 0, 'N', NULL, 'CustomReportKey', 0, NULL, 'MVFIELD', NULL, NULL, NULL, NULL
, NULL, NULL, NULL, NULL, NULL, NULL, NULL, NULL);

INSERT INTO T21_FIELD_MD ( FIELD_ID, LABEL, FLY_OVER_HELP, IS_REQUIRED_FOR_SAVE, MAX_LENGTH, MASK,
SMART_FIELD, RENDERER, EDIT_TYPE, SUBSTRING_LENGTH, RULES_ENGINE_TAG, USED_BY_BIZ_RULES, MIN_LENGTH,
UPSHIFT, RESTRICT, TAG, SUBSTRING_START, CHOICE_GROUP_ID, PROFILE_ID, RESET_WARNING_MSG_ID,
SHORT_LABEL, POST_LABEL, DB_TABLE, DB_COLUMN, PARENT, PARENT_VALUE, SPECIAL_USAGE, DEFAULT_VALUE,
TRACK_ORIGINAL, HEIGHT, WIDTH ) VALUES ( 
102, 'Message', NULL, 'Y', 20, NULL, NULL, 'INPUTBOX', 'TEXT', NULL, NULL, 'N'
, 0, 'N', NULL, 'custommessage', 0, NULL, 'MVFIELD', NULL, NULL, NULL, NULL
, NULL, NULL, NULL, NULL, NULL, NULL, NULL, NULL);

INSERT INTO T21_FIELD_MD ( FIELD_ID, LABEL, FLY_OVER_HELP, IS_REQUIRED_FOR_SAVE, MAX_LENGTH, MASK,
SMART_FIELD, RENDERER, EDIT_TYPE, SUBSTRING_LENGTH, RULES_ENGINE_TAG, USED_BY_BIZ_RULES, MIN_LENGTH,
UPSHIFT, RESTRICT, TAG, SUBSTRING_START, CHOICE_GROUP_ID, PROFILE_ID, RESET_WARNING_MSG_ID,
SHORT_LABEL, POST_LABEL, DB_TABLE, DB_COLUMN, PARENT, PARENT_VALUE, SPECIAL_USAGE, DEFAULT_VALUE,
TRACK_ORIGINAL, HEIGHT, WIDTH ) VALUES ( 
103, 'Custom Report', NULL, 'Y', 20, NULL, NULL, 'INPUTBOX', 'TEXT', NULL, NULL, 'N'
, 0, 'N', NULL, 'custom_report', 0, NULL, 'MVFIELD', NULL, NULL, NULL, NULL
, NULL, NULL, NULL, NULL, NULL, NULL, NULL, NULL);

INSERT INTO T21_FIELD_MD   ( FIELD_ID, LABEL, FLY_OVER_HELP, IS_REQUIRED_FOR_SAVE, MAX_LENGTH, MASK, 
SMART_FIELD, RENDERER, EDIT_TYPE, SUBSTRING_LENGTH, RULES_ENGINE_TAG, USED_BY_BIZ_RULES, MIN_LENGTH, 
UPSHIFT, RESTRICT, TAG, SUBSTRING_START, CHOICE_GROUP_ID, PROFILE_ID, RESET_WARNING_MSG_ID, 
SHORT_LABEL, POST_LABEL, DB_TABLE, DB_COLUMN, PARENT, PARENT_VALUE, SPECIAL_USAGE, DEFAULT_VALUE, 
TRACK_ORIGINAL, HEIGHT, WIDTH ) VALUES 
(107, 'Employee Id - used for custom reports', NULL, 'O', 6, NULL, 'N', 'INPUTBOX', 'NUMBER', 0, NULL, 'N'
, 0, 'N', '0-9', 'employeeId', 0, NULL, 'MVFIELD', NULL, NULL, NULL, NULL
, NULL, NULL, NULL, NULL, NULL, NULL, NULL, NULL);

INSERT INTO T21_FIELD_MD ( FIELD_ID, LABEL, FLY_OVER_HELP, IS_REQUIRED_FOR_SAVE, MAX_LENGTH, MASK,
SMART_FIELD, RENDERER, EDIT_TYPE, SUBSTRING_LENGTH, RULES_ENGINE_TAG, USED_BY_BIZ_RULES, MIN_LENGTH,
UPSHIFT, RESTRICT, TAG, SUBSTRING_START, CHOICE_GROUP_ID, PROFILE_ID, RESET_WARNING_MSG_ID,
SHORT_LABEL, POST_LABEL, DB_TABLE, DB_COLUMN, PARENT, PARENT_VALUE, SPECIAL_USAGE, DEFAULT_VALUE,
TRACK_ORIGINAL, HEIGHT, WIDTH ) VALUES ( 
104, 'Custom Report scheduler Key', NULL, 'O', NULL, NULL, NULL, 'INPUTBOX', 'TEXT', NULL, NULL, 'N'
, 0, 'N', NULL, 'ist_custom_report_scheduler_key', 0, NULL, 'MVFIELD', NULL, NULL, NULL, NULL
, NULL, NULL, NULL, NULL, NULL, NULL, NULL, NULL);

INSERT INTO T21_FIELD_MD ( FIELD_ID, LABEL, FLY_OVER_HELP, IS_REQUIRED_FOR_SAVE, MAX_LENGTH, MASK,
SMART_FIELD, RENDERER, EDIT_TYPE, SUBSTRING_LENGTH, RULES_ENGINE_TAG, USED_BY_BIZ_RULES, MIN_LENGTH,
UPSHIFT, RESTRICT, TAG, SUBSTRING_START, CHOICE_GROUP_ID, PROFILE_ID, RESET_WARNING_MSG_ID,
SHORT_LABEL, POST_LABEL, DB_TABLE, DB_COLUMN, PARENT, PARENT_VALUE, SPECIAL_USAGE, DEFAULT_VALUE,
TRACK_ORIGINAL, HEIGHT, WIDTH ) VALUES ( 
105, 'Custom Report scheduler Value', NULL, 'O', NULL, NULL, NULL, 'INPUTBOX', 'TEXT', NULL, NULL, 'N'
, 0, 'N', NULL, 'ist_custom_report_scheduler_value', 0, NULL, 'MVFIELD', NULL, NULL, NULL, NULL
, NULL, NULL, NULL, NULL, NULL, NULL, NULL, NULL);

INSERT INTO T21_FIELD_MD ( FIELD_ID, LABEL, FLY_OVER_HELP, IS_REQUIRED_FOR_SAVE, MAX_LENGTH, MASK,
SMART_FIELD, RENDERER, EDIT_TYPE, SUBSTRING_LENGTH, RULES_ENGINE_TAG, USED_BY_BIZ_RULES, MIN_LENGTH,
UPSHIFT, RESTRICT, TAG, SUBSTRING_START, CHOICE_GROUP_ID, PROFILE_ID, RESET_WARNING_MSG_ID,
SHORT_LABEL, POST_LABEL, DB_TABLE, DB_COLUMN, PARENT, PARENT_VALUE, SPECIAL_USAGE, DEFAULT_VALUE,
TRACK_ORIGINAL, HEIGHT, WIDTH ) VALUES ( 
106, 'Custom Report scheduler class', NULL, 'O', NULL, NULL, NULL, 'INPUTBOX', 'TEXT', NULL, NULL, 'N'
, 0, 'N', NULL, 'ist_custom_report_scheduler_class', 0, NULL, 'MVFIELD', NULL, NULL, NULL, NULL
, NULL, NULL, NULL, NULL, NULL, NULL, NULL, NULL);
COMMIT;

-- T21_TAB_MD
INSERT INTO T21_TAB_MD (TAB_ID,LABEL,IS_REQUIRED_FOR_SUBMIT,REQUEST_TYPE_ID,DISPLAY_ORDER) VALUES('CUSTREPORTTAB','Custom Report tab','N','CUSTREPORT','10');
INSERT INTO T21_TAB_MD (TAB_ID,LABEL,IS_REQUIRED_FOR_SUBMIT,REQUEST_TYPE_ID,DISPLAY_ORDER) VALUES('CUSTRPTLTAB','Custom Report scheduler configuration tab','N','CUSTRPTL','10');
COMMIT;

-- T21_TAB_PARENT_MD
INSERT INTO T21_TAB_PARENT_MD (TAB_ID) VALUES('CUSTREPORTTAB');
INSERT INTO T21_TAB_PARENT_MD (TAB_ID) VALUES('CUSTRPTLTAB');
COMMIT;

-- T21_SECTION_MD
INSERT INTO T21_SECTION_MD(SECTION_ID,LABEL,TAB_ID,DISPLAY_ORDER) VALUES ('CUSTREPORTSEC','Custom Report Section','CUSTREPORTTAB',10);
INSERT INTO T21_SECTION_MD(SECTION_ID,LABEL,TAB_ID,DISPLAY_ORDER) VALUES ('CUSTRPTLSEC','Custom Report scheduler configuration section','CUSTRPTLTAB',10);
COMMIT;

-- T21_SECTION_MD_FIELDS
INSERT INTO T21_SECTION_MD_FIELDS (SECTION_ID,FIELD_ID,ROW_DISPLAY_ORDER,COL_DISPLAY_ORDER) VALUES ('CUSTREPORTSEC',100,1,1);
INSERT INTO T21_SECTION_MD_FIELDS (SECTION_ID,FIELD_ID,ROW_DISPLAY_ORDER,COL_DISPLAY_ORDER) VALUES ('CUSTREPORTSEC',107,1,1);
INSERT INTO T21_SECTION_MD_FIELDS (SECTION_ID,FIELD_ID,ROW_DISPLAY_ORDER,COL_DISPLAY_ORDER) VALUES ('CUSTREPORTSEC',101,1,1);
INSERT INTO T21_SECTION_MD_FIELDS (SECTION_ID,FIELD_ID,ROW_DISPLAY_ORDER,COL_DISPLAY_ORDER) VALUES ('CUSTREPORTSEC',102,1,1);
INSERT INTO T21_SECTION_MD_FIELDS (SECTION_ID,FIELD_ID,ROW_DISPLAY_ORDER,COL_DISPLAY_ORDER) VALUES ('CUSTREPORTSEC',103,1,1);
INSERT INTO T21_SECTION_MD_FIELDS (SECTION_ID,FIELD_ID,ROW_DISPLAY_ORDER,COL_DISPLAY_ORDER) VALUES ('CUSTRPTLSEC',104,1,1);
INSERT INTO T21_SECTION_MD_FIELDS (SECTION_ID,FIELD_ID,ROW_DISPLAY_ORDER,COL_DISPLAY_ORDER) VALUES ('CUSTRPTLSEC',105,2,2);
INSERT INTO T21_SECTION_MD_FIELDS (SECTION_ID,FIELD_ID,ROW_DISPLAY_ORDER,COL_DISPLAY_ORDER) VALUES ('CUSTRPTLSEC',106,3,3);
COMMIT;

-- T21_COLLECTION_MD
INSERT INTO T21_COLLECTION_MD (COLLECTION_ID,LABEL,SEQUENCE_NBR,FLY_OVER_HELP,SECTION_ID) VALUES ('CUSTRPTLCOL','Custom Report scheduler configuration collection',1,'FLY OVER HELP TEXT','CUSTRPTLSEC');
COMMIT;

-- T21_COLLECTION_MD_FIELDS
INSERT INTO T21_COLLECTION_MD_FIELDS(COLLECTION_ID,FIELD_ID) VALUES ('CUSTRPTLCOL',104);
INSERT INTO T21_COLLECTION_MD_FIELDS(COLLECTION_ID,FIELD_ID) VALUES ('CUSTRPTLCOL',105);
INSERT INTO T21_COLLECTION_MD_FIELDS(COLLECTION_ID,FIELD_ID) VALUES ('CUSTRPTLCOL',106);
COMMIT;
