-- T21_REQUEST_MD
Insert into T21_REQUEST_MD    (REQUEST_TYPE_ID, LABEL, FLY_OVER_HELP, REQUEST_GROUP_ID, USE_GROUP_HANDLER, FORM_TYPE)
 Values   ('EMPDETAIL', 'Employee Detail Request', NULL, NULL,     NULL, NULL);
Insert into T21_REQUEST_MD   (REQUEST_TYPE_ID, LABEL, FLY_OVER_HELP, REQUEST_GROUP_ID, USE_GROUP_HANDLER, FORM_TYPE)
 Values   ('EMPLIST', 'Employee List Request', NULL, NULL,     NULL, NULL);
COMMIT;


-- T21 FIELD MD

Insert into T21_FIELD_MD   (FIELD_ID, LABEL, FLY_OVER_HELP, IS_REQUIRED_FOR_SAVE, MAX_LENGTH, MASK, SMART_FIELD, RENDERER, EDIT_TYPE, SUBSTRING_LENGTH, RULES_ENGINE_TAG, USED_BY_BIZ_RULES, MIN_LENGTH, UPSHIFT, RESTRICT, TAG, SUBSTRING_START, CHOICE_GROUP_ID, PROFILE_ID, RESET_WARNING_MSG_ID, SHORT_LABEL, POST_LABEL, DB_TABLE, DB_COLUMN, PARENT, PARENT_VALUE, SPECIAL_USAGE, DEFAULT_VALUE, TRACK_ORIGINAL, HEIGHT, WIDTH, DISPLAY_CHOICE_VALUE, LIST_ITEM_RENDERER, LINK_REQUEST_TYPE_ID)
 Values   (9000, 'Employee Id', NULL, 'O',     6, NULL, 'N', 'INPUTBOX', 'NUMBER',     0, NULL, 'N', 0, 'N',     '0-9', 'employeeId', 0, NULL, 'MVFIELD', 
    NULL, NULL, NULL, NULL, NULL,     NULL, NULL, NULL, NULL, NULL,     NULL, NULL, NULL, NULL, NULL,    );

Insert into T21_FIELD_MD   (FIELD_ID, LABEL, FLY_OVER_HELP, IS_REQUIRED_FOR_SAVE, MAX_LENGTH, MASK, SMART_FIELD, RENDERER, EDIT_TYPE, SUBSTRING_LENGTH, RULES_ENGINE_TAG, USED_BY_BIZ_RULES, MIN_LENGTH, UPSHIFT, RESTRICT, TAG, SUBSTRING_START, CHOICE_GROUP_ID, PROFILE_ID, RESET_WARNING_MSG_ID, SHORT_LABEL, POST_LABEL, DB_TABLE, DB_COLUMN, PARENT, PARENT_VALUE, SPECIAL_USAGE, DEFAULT_VALUE, TRACK_ORIGINAL, HEIGHT, WIDTH, DISPLAY_CHOICE_VALUE, LIST_ITEM_RENDERER, LINK_REQUEST_TYPE_ID)
 Values   (9001, 'Employee name', NULL, 'O',     30, NULL, 'N', 'INPUTBOX', 'TEXT',     0, NULL, 'N', 0, 'N',     NULL, 'empName', 0, NULL, 'MVFIELD', 
    NULL, NULL, NULL, NULL, NULL,     NULL, NULL, NULL, NULL, NULL,     NULL, NULL, NULL, NULL, NULL,    );

Insert into T21_FIELD_MD   (FIELD_ID, LABEL, FLY_OVER_HELP, IS_REQUIRED_FOR_SAVE, MAX_LENGTH, MASK, SMART_FIELD, RENDERER, EDIT_TYPE, SUBSTRING_LENGTH, RULES_ENGINE_TAG, USED_BY_BIZ_RULES, MIN_LENGTH, UPSHIFT, RESTRICT, TAG, SUBSTRING_START, CHOICE_GROUP_ID, PROFILE_ID, RESET_WARNING_MSG_ID, SHORT_LABEL, POST_LABEL, DB_TABLE, DB_COLUMN, PARENT, PARENT_VALUE, SPECIAL_USAGE, DEFAULT_VALUE, TRACK_ORIGINAL, HEIGHT, WIDTH, DISPLAY_CHOICE_VALUE, LIST_ITEM_RENDERER, LINK_REQUEST_TYPE_ID)
 Values   (9002, 'Email', NULL, 'O',     50, NULL, NULL, 'INPUTBOX', 'EMAIL',     NULL, NULL, 'N', 0, 'N',     NULL, 'email', 0, NULL, 'MVFIELD', 
    NULL, NULL, NULL, NULL, NULL,     NULL, NULL, NULL, NULL, NULL,     NULL, NULL, NULL, NULL, NULL,    );

Insert into T21_FIELD_MD   (FIELD_ID, LABEL, FLY_OVER_HELP, IS_REQUIRED_FOR_SAVE, MAX_LENGTH, MASK, SMART_FIELD, RENDERER, EDIT_TYPE, SUBSTRING_LENGTH, RULES_ENGINE_TAG, USED_BY_BIZ_RULES, MIN_LENGTH, UPSHIFT, RESTRICT, TAG, SUBSTRING_START, CHOICE_GROUP_ID, PROFILE_ID, RESET_WARNING_MSG_ID, SHORT_LABEL, POST_LABEL, DB_TABLE, DB_COLUMN, PARENT, PARENT_VALUE, SPECIAL_USAGE, DEFAULT_VALUE, TRACK_ORIGINAL, HEIGHT, WIDTH, DISPLAY_CHOICE_VALUE, LIST_ITEM_RENDERER, LINK_REQUEST_TYPE_ID)
 Values   (9003, 'Hire date', NULL, 'O',     11, NULL, NULL, 'INPUTBOX', 'DATE',     NULL, NULL, 'N', 0, 'N',     NULL, 'hireDate', 0, NULL, 'MVFIELD', 
    NULL, NULL, NULL, NULL, NULL,     NULL, NULL, NULL, NULL, NULL,     NULL, NULL, NULL, NULL, NULL,    );

Insert into T21_FIELD_MD   (FIELD_ID, LABEL, FLY_OVER_HELP, IS_REQUIRED_FOR_SAVE, MAX_LENGTH, MASK, SMART_FIELD, RENDERER, EDIT_TYPE, SUBSTRING_LENGTH, RULES_ENGINE_TAG, USED_BY_BIZ_RULES, MIN_LENGTH, UPSHIFT, RESTRICT, TAG, SUBSTRING_START, CHOICE_GROUP_ID, PROFILE_ID, RESET_WARNING_MSG_ID, SHORT_LABEL, POST_LABEL, DB_TABLE, DB_COLUMN, PARENT, PARENT_VALUE, SPECIAL_USAGE, DEFAULT_VALUE, TRACK_ORIGINAL, HEIGHT, WIDTH, DISPLAY_CHOICE_VALUE, LIST_ITEM_RENDERER, LINK_REQUEST_TYPE_ID)
 Values   (9004, 'Salary', NULL, 'O',     15, '#,###,###.##', NULL, 'INPUTBOX', 'AMOUNT',     0, NULL, 'N', 0, 'N',     '0-9.,', 'salary', 0, NULL, 'MVFIELD', 
    NULL, NULL, NULL, NULL, NULL,     NULL, NULL, NULL, NULL, NULL,     NULL, NULL, NULL, NULL, NULL,    );

Insert into T21_FIELD_MD   (FIELD_ID, LABEL, FLY_OVER_HELP, IS_REQUIRED_FOR_SAVE, MAX_LENGTH, MASK, SMART_FIELD, RENDERER, EDIT_TYPE, SUBSTRING_LENGTH, RULES_ENGINE_TAG, USED_BY_BIZ_RULES, MIN_LENGTH, UPSHIFT, RESTRICT, TAG, SUBSTRING_START, CHOICE_GROUP_ID, PROFILE_ID, RESET_WARNING_MSG_ID, SHORT_LABEL, POST_LABEL, DB_TABLE, DB_COLUMN, PARENT, PARENT_VALUE, SPECIAL_USAGE, DEFAULT_VALUE, TRACK_ORIGINAL, HEIGHT, WIDTH, DISPLAY_CHOICE_VALUE, LIST_ITEM_RENDERER, LINK_REQUEST_TYPE_ID)
 Values   (9005, 'Department Id', NULL, 'O',     4, '####', NULL, 'INPUTBOX', 'NUMBER',     0, NULL, 'N', 0, 'N',     '0-9 ', 'departmentId', 0, NULL, 'MVFIELD', 
    NULL, NULL, NULL, NULL, NULL,     NULL, NULL, NULL, NULL, NULL,     NULL, NULL, NULL, NULL, NULL,    );
COMMIT;


-- T21_TAB_MD
Insert into T21_TAB_MD   (TAB_ID, LABEL, FLY_OVER_HELP, IS_REQUIRED_FOR_SUBMIT, PRECEDENCE, REQUEST_TYPE_ID, DISPLAY_ORDER)
 Values   ('EMPDETAILTAB', 'Employee Detail Tab', NULL, 'Y',     NULL, 'EMPDETAIL', NULL);
Insert into T21_TAB_MD   (TAB_ID, LABEL, FLY_OVER_HELP, IS_REQUIRED_FOR_SUBMIT, PRECEDENCE, REQUEST_TYPE_ID, DISPLAY_ORDER)
 Values   ('EMPLISTTAB', 'Employee List Tab', NULL, 'Y',     NULL, 'EMPLIST', NULL);
COMMIT;

-- T21_TAB_PARENT_MD
Insert into T21_TAB_PARENT_MD   (TAB_ID) Values   ('EMPDETAILTAB');
Insert into T21_TAB_PARENT_MD   (TAB_ID) Values   ('EMPLISTTAB');
COMMIT;

-- T21_SECTION_MD
Insert into T21_SECTION_MD   (SECTION_ID, LABEL, FLY_OVER_HELP, TAB_ID, DISPLAY_ORDER, PARENT_SECTION_ID, STYLE_NAME, CONTAINER_TYPE, REQUEST_TYPE_ID, EXPANDABLE, COL_GROUP_PROPERTIES, SECTION_TYPE)
 Values   ('EMPDETAILSECTION', 'Employee Detail Section', NULL, 'EMPDETAILTAB',     NULL, NULL, NULL, NULL, NULL,     NULL, NULL, NULL);
Insert into T21_SECTION_MD   (SECTION_ID, LABEL, FLY_OVER_HELP, TAB_ID, DISPLAY_ORDER, PARENT_SECTION_ID, STYLE_NAME, CONTAINER_TYPE, REQUEST_TYPE_ID, EXPANDABLE, COL_GROUP_PROPERTIES, SECTION_TYPE)
 Values   ('EMPLISTSECTION', 'Employee List Section', NULL, 'EMPLISTTAB',     NULL, NULL, NULL, NULL, NULL,     NULL, NULL, NULL);
COMMIT;


-- T21_SECTION_MD_FIELDS
Insert into T21_SECTION_MD_FIELDS   (SECTION_ID, FIELD_ID, ROW_DISPLAY_ORDER, COL_DISPLAY_ORDER, COLLECTION_ID, COL_GROUP)
 Values   ('EMPDETAILSECTION', 9000, 1, 1,     NULL, NULL);
Insert into T21_SECTION_MD_FIELDS   (SECTION_ID, FIELD_ID, ROW_DISPLAY_ORDER, COL_DISPLAY_ORDER, COLLECTION_ID, COL_GROUP)
 Values   ('EMPDETAILSECTION', 9001, 1, 2,     NULL, NULL);
Insert into T21_SECTION_MD_FIELDS   (SECTION_ID, FIELD_ID, ROW_DISPLAY_ORDER, COL_DISPLAY_ORDER, COLLECTION_ID, COL_GROUP)
 Values   ('EMPDETAILSECTION', 9002, 1, 2,     NULL, NULL);
Insert into T21_SECTION_MD_FIELDS   (SECTION_ID, FIELD_ID, ROW_DISPLAY_ORDER, COL_DISPLAY_ORDER, COLLECTION_ID, COL_GROUP)
 Values   ('EMPDETAILSECTION', 9003, 1, 2,     NULL, NULL);
Insert into T21_SECTION_MD_FIELDS   (SECTION_ID, FIELD_ID, ROW_DISPLAY_ORDER, COL_DISPLAY_ORDER, COLLECTION_ID, COL_GROUP)
 Values   ('EMPDETAILSECTION', 9004, 1, 2,     NULL, NULL);
Insert into T21_SECTION_MD_FIELDS   (SECTION_ID, FIELD_ID, ROW_DISPLAY_ORDER, COL_DISPLAY_ORDER, COLLECTION_ID, COL_GROUP)
 Values   ('EMPDETAILSECTION', 9005, 1, 2,     NULL, NULL);
Insert into T21_SECTION_MD_FIELDS   (SECTION_ID, FIELD_ID, ROW_DISPLAY_ORDER, COL_DISPLAY_ORDER, COLLECTION_ID, COL_GROUP)
 Values   ('EMPLISTSECTION', 9000, 1, 1,     NULL, NULL);
Insert into T21_SECTION_MD_FIELDS   (SECTION_ID, FIELD_ID, ROW_DISPLAY_ORDER, COL_DISPLAY_ORDER, COLLECTION_ID, COL_GROUP)
 Values   ('EMPLISTSECTION', 9001, 1, 2,     NULL, NULL);
COMMIT;

-- T21_COLLECTION_MD
Insert into T21_COLLECTION_MD   (COLLECTION_ID, LABEL, SEQUENCE_NBR, FLY_OVER_HELP, SECTION_ID, EDITABLE)
 Values   ('EMPLISTCOL', 'Employee List Collection', 1, NULL,     'EMPLISTSECTION', NULL);
COMMIT;

-- T21_COLLECTION_MD_FIELDS
Insert into T21_COLLECTION_MD_FIELDS   (COLLECTION_ID, FIELD_ID, DISPLAY_ORDER) Values   ('EMPLISTCOL', 9000, 1);
Insert into T21_COLLECTION_MD_FIELDS   (COLLECTION_ID, FIELD_ID, DISPLAY_ORDER) Values   ('EMPLISTCOL', 9001, 2);
Insert into T21_COLLECTION_MD_FIELDS   (COLLECTION_ID, FIELD_ID, DISPLAY_ORDER) Values   ('EMPLISTCOL', 9002, 3);
Insert into T21_COLLECTION_MD_FIELDS   (COLLECTION_ID, FIELD_ID, DISPLAY_ORDER) Values   ('EMPLISTCOL', 9003, 4);
COMMIT;

-- T21_MESSAGES
Insert into T21_MESSAGES   (MSG_ID, MSG_TYPE, MSG_CLASS, MSG_TEXT) Values   ('CUS01', 'E', 'C', 'Record not found',    );
Insert into T21_MESSAGES   (MSG_ID, MSG_TYPE, MSG_CLASS, MSG_TEXT) Values   ('CUS02', 'E', 'C', 'Duplicate Record',    );
COMMIT;
